﻿<?xml version="1.0" encoding="utf-8" ?>

<root>
    <element Id="ISysUserService" 
			 Service="Service.SysUserService,Service" 
			 Class="Component.SysUserComponent,Component">
	</element>
  <element Id="ISingerService"
			 Service="Service.SingerService,Service"
			 Class="Component.SingerComponent,Component">
  </element>
  <element Id="IMatchService"
			 Service="Service.MatchService,Service"
			 Class="Component.MatchComponent,Component">
  </element>
  <element Id="IResultService"
			 Service="Service.ResultService,Service"
			 Class="Component.ResultComponent,Component">
  </element>
  <element Id="IVoteService"
			 Service="Service.VoteService,Service"
			 Class="Component.VoteComponent,Component">
  </element>
</root>
